tag_id,division,sub_division,track,major,minor,next_tag_up,next_tag_down,Chainage
202,BD,BD_WB_B6,1,935,30,,203,935.3
203,BD,BD_WB_B6,1,933,94,202,204,933.94
204,BD,BD_WB_B6,1,931,99,203,205,931.99
205,BD,BD_WB_B6,1,931,44,204,1808,931.44
1808,BD,BD_WB_B6,1,929,24,205,206,929.24
206,BD,BD_WB_B6,1,925,93,1808,207,925.93
207,BD,BD_WB_B6,1,922,51,206,208,922.51
208,BD,BD_WB_B6,1,919,3,207,209,919.03
209,BD,BD_WB_B6,1,915,51,208,210,915.51
210,BD,BD_WB_B6,1,911,94,209,853,911.94
853,BD,BD_WB_B6,1,908,97,210,211,908.97
211,BD,BD_WB_B6,1,906,1,853,212,906.01
212,BD,BD_WB_B6,1,899,99,211,877,899.99
877,BD,BD_WB_B6,1,897,0,212,213,897
213,BD,BD_WB_B6,1,894,2,877,214,894.02
214,BD,BD_WB_B6,1,890,43,213,215,890.43
215,BD,BD_WB_B6,1,886,79,214,216,886.79
216,BD,BD_WB_B6,1,883,38,215,217,883.38
217,BD,BD_WB_B6,1,879,94,216,851,879.94
851,BD,BD_WB_B6,1,876,94,217,218,876.94
218,BD,BD_WB_B6,1,873,96,851,219,873.96
219,BD,BD_WB_B6,1,867,89,218,850,867.89
850,BD,BD_WB_B6,1,864,93,219,220,864.93
220,BD,BD_WB_B6,1,861,99,850,221,861.99
221,BD,BD_WB_B6,1,856,78,220,222,856.78
222,BD,BD_WB_B6,1,852,2,221,223,852.02
223,BD,BD_WB_B6,1,850,17,222,224,850.17
224,BD,BD_WB_B6,1,846,64,223,225,846.64
225,BD,BD_WB_B6,1,844,78,224,226,844.78
226,BD,BD_WB_B6,1,843,54,225,227,843.54
227,BD,BD_WB_B6,1,840,89,226,228,840.89
228,BD,BD_WB_B6,1,836,23,227,847,836.23
847,BD,BD_WB_B6,1,832,94,228,229,832.94
229,BD,BD_WB_B6,1,829,65,847,230,829.65
230,BD,BD_WB_B6,1,823,23,229,846,823.23
846,BD,BD_WB_B6,1,820,35,230,231,820.35
231,BD,BD_WB_B6,1,817,48,846,232,817.48
232,BD,BD_WB_B6,1,811,69,231,233,811.69
233,BD,BD_WB_B6,1,808,1,232,234,808.01
234,BD,BD_WB_B6,1,804,38,233,235,804.38
235,BD,BD_WB_B6,1,798,34,234,845,798.34
845,BD,BD_WB_B6,1,795,63,235,236,795.63
236,BD,BD_WB_B6,1,792,93,845,237,792.93
237,BD,BD_WB_B6,1,786,1,236,238,786.01
238,BD,BD_WB_B6,1,783,67,237,239,783.67
239,BD,BD_WB_B6,1,783,31,238,240,783.31
240,BD,BD_WB_B6,1,781,51,239,241,781.51
241,BD,BD_WB_B6,1,779,76,240,242,779.76
242,BD,BD_WB_B6,1,775,80,241,243,775.8
243,BD,BD_WB_B6,1,770,24,242,844,770.24
844,BD,BD_WB_B6,1,767,34,243,244,767.34
244,BD,BD_WB_B6,1,764,44,844,245,764.44
245,BD,BD_WB_B6,1,759,44,244,246,759.44
246,BD,BD_WB_B6,1,755,25,245,247,755.25
247,BD,BD_WB_B6,1,751,4,246,248,751.04
248,BD,BD_WB_B6,1,745,64,247,843,745.64
843,BD,BD_WB_B6,1,743,19,248,249,743.19
249,BD,BD_WB_B6,1,740,75,843,250,740.75
250,BD,BD_WB_B6,1,734,97,249,251,734.97
251,BD,BD_WB_B6,1,731,55,250,252,731.55
252,BD,BD_WB_B6,1,728,8,251,253,728.08
253,BD,BD_WB_B6,1,722,1,252,254,722.01
254,BD,BD_WB_B6,1,718,15,253,255,718.15
255,BD,BD_WB_B6,1,714,24,254,256,714.24
256,BD,BD_WB_B6,1,708,85,255,257,708.85
257,BD,BD_WB_B6,1,706,99,256,258,706.99
258,BD,BD_WB_B6,1,703,47,257,259,703.47
259,BD,BD_WB_B6,1,701,22,258,260,701.22
260,BD,BD_WB_B6,1,700,59,259,261,700.59
261,BD,BD_WB_B6,1,698,74,260,262,698.74
262,BD,BD_WB_B6,1,693,8,261,263,693.08
263,BD,BD_WB_B6,1,689,70,262,264,689.7
264,BD,BD_WB_B6,1,686,28,263,265,686.28
265,BD,BD_WB_B6,1,681,78,264,266,681.78
266,BD,BD_WB_B6,1,677,23,265,267,677.23
267,BD,BD_WB_B6,1,673,78,266,268,673.78
268,BD,BD_WB_B6,1,670,28,267,269,670.28
269,BD,BD_WB_B6,1,665,8,268,270,665.08
270,BD,BD_WB_B6,1,661,56,269,271,661.56
271,BD,BD_WB_B6,1,658,9,270,272,658.09
272,BD,BD_WB_B7,1,653,80,271,273,653.8
273,BD,BD_WB_B7,1,652,12,272,274,652.12
274,BD,BD_WB_B7,1,647,49,273,813,647.49
813,BD,BD_WB_B7,1,642,45,274,275,642.45
275,BD,BD_WB_B7,1,641,65,813,1830,641.65
1830,BD,BD_WB_B7,1,640,45,275,276,640.45
276,BD,BD_WB_B7,1,637,78,1830,3924,637.78
3924,BD,BD_WB_B7,1,635,82,276,277,635.82
277,BD,BD_WB_B5,1,633,87,3924,1817,633.87
1817,BD,BD_WB_B5,1,631,22,277,278,631.22
278,BD,BD_WB_B5,1,627,94,1817,840,627.94
840,BD,BD_WB_B5,1,624,94,278,279,624.94
279,BD,BD_WB_B5,1,621,94,840,280,621.94
280,BD,BD_WB_B5,1,615,61,279,839,615.61
839,BD,BD_WB_B5,1,611,78,280,281,611.78
281,BD,BD_WB_B5,1,607,97,839,282,607.97
282,BD,BD_WB_B5,1,601,97,281,283,601.97
283,BD,BD_WB_B5,1,598,42,282,284,598.42
284,BD,BD_WB_B5,1,595,83,283,815,595.83
815,BD,BD_WB_B5,1,594,2,284,285,594.02
285,BD,BD_WB_B5,1,591,8,815,286,591.08
286,BD,BD_WB_B5,1,586,19,285,287,586.19
287,BD,BD_WB_B5,1,584,64,286,288,584.64
288,BD,BD_WB_B5,1,584,28,287,289,584.28
289,BD,BD_WB_B5,1,580,50,288,290,580.5
290,BD,BD_WB_B5,1,576,87,289,291,576.87
291,BD,BD_WB_B5,1,573,43,290,292,573.43
292,BD,BD_WB_B5,1,569,96,291,1806,569.96
1806,BD,BD_WB_B5,1,567,28,292,293,567.28
293,BD,BD_WB_B5,1,564,1,1806,294,564.01
294,BD,BD_WB_B5,1,560,67,293,295,560.67
295,BD,BD_WB_B5,1,557,28,294,296,557.28
296,BD,BD_WB_B5,1,552,51,295,297,552.51
297,BD,BD_WB_B5,1,547,70,296,298,547.7
298,BD,BD_WB_B5,1,544,17,297,299,544.17
299,BD,BD_WB_B5,1,540,60,298,300,540.6
300,BD,BD_WB_B5,1,535,20,299,301,535.2
301,BD,BD_WB_B5,1,531,85,300,302,531.85
302,BD,BD_WB_B5,1,528,45,301,303,528.45
303,BD,BD_WB_B5,1,524,49,302,304,524.49
304,BD,BD_WB_B5,1,520,48,303,305,520.48
305,BD,BD_WB_B5,1,515,48,304,835,515.48
835,BD,BD_WB_B5,1,512,23,305,306,512.23
306,BD,BD_WB_B5,1,508,98,835,307,508.98
307,BD,BD_WB_B5,1,504,97,306,308,504.97
308,BD,BD_WB_B5,1,501,1,307,817,501.01
817,BD,BD_WB_B5,1,498,65,308,309,498.65
309,BD,BD_WB_B5,1,496,63,817,310,496.63
310,BD,BD_WB_B5,1,491,65,309,311,491.65
311,BD,BD_WB_B5,1,486,40,310,312,486.4
312,BD,BD_WB_B5,1,480,99,311,313,480.99
313,BD,BD_WB_B5,1,475,99,312,314,475.99
314,BD,BD_WB_B5,1,473,84,313,315,473.84
315,BD,BD_WB_B5,1,471,15,314,316,471.15
316,BD,BD_WB_B5,1,469,30,315,317,469.3
317,BD,BD_WB_B5,1,465,83,316,318,465.83
318,BD,BD_WB_B5,1,461,8,317,319,461.08
319,BD,BD_WB_B5,1,456,48,318,320,456.48
320,BD,BD_WB_B5,1,452,60,319,321,452.6
321,BD,BD_WB_B5,1,448,95,320,322,448.95
322,BD,BD_WB_B5,1,445,59,321,323,445.59
323,BD,BD_WB_B5,1,442,19,322,831,442.19
831,BD,BD_WB_B5,1,439,69,323,324,439.69
324,BD,BD_WB_B5,1,437,19,831,325,437.19
325,BD,BD_WB_B5,1,430,93,324,326,430.93
326,BD,BD_WB_B5,1,427,13,325,327,427.13
327,BD,BD_WB_B5,1,423,28,326,328,423.28
328,BD,BD_WB_B5,1,418,33,327,329,418.33
329,BD,BD_WB_B5,1,414,93,328,330,414.93
330,BD,BD_WB_B5,1,411,48,329,331,411.48
331,BD,BD_WB_B5,1,407,65,330,332,407.65
332,BD,BD_WB_B5,1,403,77,331,819,403.77
819,BD,BD_WB_B5,1,400,88,332,333,400.88
333,BD,BD_WB_B5,1,399,12,819,334,399.12
334,BD,BD_WB_B5,1,392,90,333,335,392.9
335,BD,BD_WB_B5,1,390,94,334,336,390.94
336,BD,BD_WB_B5,1,387,33,335,337,387.33
337,BD,BD_WB_B5,1,383,39,336,338,383.39
338,BD,BD_WB_B5,1,379,40,337,339,379.4
339,BD,BD_WB_B5,1,374,60,338,830,374.6
830,BD,BD_WB_B5,1,371,77,339,340,371.77
340,BD,BD_WB_B5,1,368,94,830,341,368.94
341,BD,BD_WB_B5,1,362,38,340,874,362.38
874,BD,BD_WB_B4,1,359,93,341,342,359.93
342,BD,BD_WB_B4,1,357,50,874,829,357.5
829,BD,BD_WB_B4,1,354,89,342,343,354.89
343,BD,BD_WB_B4,1,352,30,829,344,352.3
344,BD,BD_WB_B4,1,345,86,343,345,345.86
345,BD,BD_WB_B4,1,342,12,344,346,342.12
346,BD,BD_WB_B4,1,338,33,345,347,338.33
347,BD,BD_WB_B4,1,332,93,346,348,332.93
348,BD,BD_WB_B4,1,329,45,347,349,329.45
349,BD,BD_WB_B4,1,325,93,348,350,325.93
350,BD,BD_WB_B4,1,322,18,349,351,322.18
351,BD,BD_WB_B4,1,318,38,350,352,318.38
352,BD,BD_WB_B4,1,313,10,351,353,313.1
353,BD,BD_WB_B4,1,308,89,352,354,308.89
354,BD,BD_WB_B4,1,306,79,353,355,306.79
355,BD,BD_WB_B4,1,306,1,354,3921,306.01
3921,BD,BD_WB_B4,1,305,46,355,356,305.46
356,BD,BD_WB_B4,1,303,60,3921,357,303.6
357,BD,BD_WB_B4,1,303,2,356,358,303.02
358,BD,BD_WB_B4,1,301,17,357,359,301.17
359,BD,BD_WB_B4,1,297,65,358,1811,297.65
1811,BD,BD_WB_B4,1,294,88,359,360,294.88
360,BD,BD_WB_B4,1,291,93,1811,361,291.93
361,BD,BD_WB_B4,1,287,33,360,827,287.33
827,BD,BD_WB_B4,1,284,23,361,362,284.23
362,BD,BD_WB_B4,1,281,13,827,363,281.13
363,BD,BD_WB_B4,1,275,10,362,364,275.1
364,BD,BD_WB_B4,1,271,73,363,365,271.73
365,BD,BD_WB_B4,1,265,55,364,366,265.55
366,BD,BD_WB_B4,1,262,15,365,367,262.15
367,BD,BD_WB_B4,1,258,5,366,368,258.05
368,BD,BD_WB_B4,1,252,63,367,369,252.63
369,BD,BD_WB_B4,1,246,73,368,370,246.73
370,BD,BD_WB_B4,1,243,43,369,371,243.43
371,BD,BD_WB_B4,1,238,23,370,372,238.23
372,BD,BD_WB_B4,1,236,11,371,373,236.11
373,BD,BD_WB_B4,1,235,75,372,374,235.75
374,BD,BD_WB_B4,1,234,9,373,375,234.09
375,BD,BD_WB_B4,1,230,42,374,376,230.42
376,BD,BD_WB_B4,1,223,93,375,377,223.93
377,BD,BD_WB_B4,1,218,53,376,378,218.53
378,BD,BD_WB_B4,1,214,35,377,379,214.93
379,BD,BD_WB_B4,1,210,27,378,380,210.27
380,BD,BD_WB_B4,1,206,60,379,381,206.6
381,BD,BD_WB_B4,1,201,25,380,382,201.25
382,BD,BD_WB_B4,1,199,2,381,383,199.02
383,BD,BD_WB_B4,1,195,43,382,871,195.43
871,BD,BD_WB_B4,1,192,22,383,384,192.22
384,BD,BD_WB_B4,1,189,3,871,385,189.03
385,BD,BD_WB_B4,1,184,95,384,386,184.95
386,BD,BD_WB_B4,1,180,83,385,387,180.83
387,BD,BD_WB_B4,1,175,43,386,388,175.43
388,BD,BD_WB_B4,1,171,3,387,389,171.03
389,BD,BD_WB_B4,1,166,83,388,390,166.83
390,BD,BD_WB_B4,1,163,6,389,391,163.06
391,BD,BD_WB_B4,1,156,96,390,823,156.96
823,BD,BD_WB_B4,1,153,79,391,392,153.79
392,BD,BD_WB_B4,1,150,63,823,393,150.63
393,BD,BD_WB_B4,1,144,53,392,394,144.53
394,BD,BD_WB_B4,1,141,0,393,395,141
395,BD,BD_WB_B4,1,137,43,394,821,137.43
821,BD,BD_WB_B4,1,133,65,395,396,133.65
396,BD,BD_WB_B4,1,132,43,821,397,132.43
397,BD,BD_WB_B4,1,128,97,396,398,128.97
398,BD,BD_WB_B4,1,126,54,397,399,126.54
399,BD,BD_WB_B4,1,125,48,398,400,125.48
400,BD,BD_WB_B4,1,125,35,399,401,125.35
401,BD,BD_WB_B4,1,124,43,400,402,124.43
402,BD,BD_WB_B4,1,122,33,401,403,122.33
403,BD,BD_WB_B4,1,120,48,402,404,120.48
404,BD,BD_WB_B4,1,117,13,403,1804,117.13
1804,BD,BD_WB_B4,1,115,51,404,405,115.51
405,BD,BD_WB_B4,1,112,4,1804,406,112.04
406,BD,BD_WB_B4,1,107,33,405,407,107.33
407,BD,BD_WB_B4,1,101,98,406,408,101.98
408,BD,BD_WB_B4,1,98,45,407,409,98.45
409,BD,BD_WB_B4,1,94,98,408,410,94.98
410,BD,BD_WB_B4,1,90,58,409,411,90.58
411,BD,BD_WB_B4,1,87,68,410,412,87.68
412,BD,BD_WB_B4,1,86,32,411,413,86.32
413,BD,BD_WB_B4,1,82,84,412,414,82.84
414,BD,BD_WB_B4,1,82,14,413,,82.14
